<?xml version='1.0' encoding='UTF-8'?>
<feed xmlns="http://www.w3.org/2005/Atom" xml:lang="en"><id>https://cheatsheetseries.owasp.org/</id><title>OWASP Cheat Sheet Series update</title><updated>2021-07-26T19:32:49+00:00</updated><author><name>Core team</name><email>dominique.righetto@owasp.org</email></author><link href="https://cheatsheetseries.owasp.org" rel="self"/><link href="https://github.com/OWASP/CheatSheetSeries" rel="alternate"/><generator uri="https://lkiesow.github.io/python-feedgen" version="0.9.0">python-feedgen</generator><icon>https://cheatsheetseries.owasp.org/gitbook/images/favicon.ico</icon><subtitle>List of the last updates on the content</subtitle><entry><id>https://github.com/OWASP/CheatSheetSeries/pull/582</id><title>chore(cheatsheets): update language</title><updated>2021-03-15T20:47:07+00:00</updated><link href="https://github.com/OWASP/CheatSheetSeries/pull/582" rel="self"/><link href="https://github.com/OWASP/CheatSheetSeries/pull/582" rel="alternate"/><published>2021-03-15T20:47:07+00:00</published></entry><entry><id>https://github.com/OWASP/CheatSheetSeries/pull/583</id><title>chore(cheatsheets): update language</title><updated>2021-03-15T20:43:23+00:00</updated><link href="https://github.com/OWASP/CheatSheetSeries/pull/583" rel="self"/><link href="https://github.com/OWASP/CheatSheetSeries/pull/583" rel="alternate"/><published>2021-03-15T20:43:23+00:00</published></entry><entry><id>https://github.com/OWASP/CheatSheetSeries/pull/584</id><title>chore(cheatsheets): update language</title><updated>2021-03-15T20:43:13+00:00</updated><link href="https://github.com/OWASP/CheatSheetSeries/pull/584" rel="self"/><link href="https://github.com/OWASP/CheatSheetSeries/pull/584" rel="alternate"/><published>2021-03-15T20:43:13+00:00</published></entry><entry><id>https://github.com/OWASP/CheatSheetSeries/pull/585</id><title>chore(cheatsheets): update language</title><updated>2021-03-15T20:42:58+00:00</updated><link href="https://github.com/OWASP/CheatSheetSeries/pull/585" rel="self"/><link href="https://github.com/OWASP/CheatSheetSeries/pull/585" rel="alternate"/><published>2021-03-15T20:42:58+00:00</published></entry><entry><id>https://github.com/OWASP/CheatSheetSeries/pull/586</id><title>chore(cheatsheets): update language</title><updated>2021-03-15T20:42:37+00:00</updated><link href="https://github.com/OWASP/CheatSheetSeries/pull/586" rel="self"/><link href="https://github.com/OWASP/CheatSheetSeries/pull/586" rel="alternate"/><published>2021-03-15T20:42:37+00:00</published></entry><entry><id>https://github.com/OWASP/CheatSheetSeries/pull/587</id><title>chore(cheatsheets): update language</title><updated>2021-03-15T20:42:21+00:00</updated><link href="https://github.com/OWASP/CheatSheetSeries/pull/587" rel="self"/><link href="https://github.com/OWASP/CheatSheetSeries/pull/587" rel="alternate"/><published>2021-03-15T20:42:21+00:00</published></entry><entry><id>https://github.com/OWASP/CheatSheetSeries/pull/588</id><title>chore(cheatsheets): update language</title><updated>2021-03-15T20:42:06+00:00</updated><link href="https://github.com/OWASP/CheatSheetSeries/pull/588" rel="self"/><link href="https://github.com/OWASP/CheatSheetSeries/pull/588" rel="alternate"/><published>2021-03-15T20:42:06+00:00</published></entry><entry><id>https://github.com/OWASP/CheatSheetSeries/pull/589</id><title>chore(cheatsheets): update language</title><updated>2021-03-15T20:41:41+00:00</updated><link href="https://github.com/OWASP/CheatSheetSeries/pull/589" rel="self"/><link href="https://github.com/OWASP/CheatSheetSeries/pull/589" rel="alternate"/><published>2021-03-15T20:41:41+00:00</published></entry><entry><id>https://github.com/OWASP/CheatSheetSeries/pull/590</id><title>chore(cheatsheets): update language</title><updated>2021-03-15T20:41:27+00:00</updated><link href="https://github.com/OWASP/CheatSheetSeries/pull/590" rel="self"/><link href="https://github.com/OWASP/CheatSheetSeries/pull/590" rel="alternate"/><published>2021-03-15T20:41:27+00:00</published></entry><entry><id>https://github.com/OWASP/CheatSheetSeries/pull/591</id><title>chore(cheatsheets): update language</title><updated>2021-03-15T20:41:10+00:00</updated><link href="https://github.com/OWASP/CheatSheetSeries/pull/591" rel="self"/><link href="https://github.com/OWASP/CheatSheetSeries/pull/591" rel="alternate"/><published>2021-03-15T20:41:10+00:00</published></entry><entry><id>https://github.com/OWASP/CheatSheetSeries/pull/592</id><title>chore(cheatsheets): update language</title><updated>2021-03-15T20:40:57+00:00</updated><link href="https://github.com/OWASP/CheatSheetSeries/pull/592" rel="self"/><link href="https://github.com/OWASP/CheatSheetSeries/pull/592" rel="alternate"/><published>2021-03-15T20:40:57+00:00</published></entry><entry><id>https://github.com/OWASP/CheatSheetSeries/pull/593</id><title>chore(cheatsheets): update language</title><updated>2021-03-15T20:40:44+00:00</updated><link href="https://github.com/OWASP/CheatSheetSeries/pull/593" rel="self"/><link href="https://github.com/OWASP/CheatSheetSeries/pull/593" rel="alternate"/><published>2021-03-15T20:40:44+00:00</published></entry><entry><id>https://github.com/OWASP/CheatSheetSeries/pull/594</id><title>cheatsheets/Microservices_security.md: made first letter of TOC links lowercase</title><updated>2021-03-16T16:19:04+00:00</updated><link href="https://github.com/OWASP/CheatSheetSeries/pull/594" rel="self"/><link href="https://github.com/OWASP/CheatSheetSeries/pull/594" rel="alternate"/><published>2021-03-16T16:19:04+00:00</published></entry><entry><id>https://github.com/OWASP/CheatSheetSeries/pull/596</id><title>Updates to pw storage cheatsheet</title><updated>2021-03-17T08:21:41+00:00</updated><link href="https://github.com/OWASP/CheatSheetSeries/pull/596" rel="self"/><link href="https://github.com/OWASP/CheatSheetSeries/pull/596" rel="alternate"/><published>2021-03-17T08:21:41+00:00</published></entry><entry><id>https://github.com/OWASP/CheatSheetSeries/pull/597</id><title>Update advice about hashing long passwords with PBKDF2</title><updated>2021-03-18T14:13:20+00:00</updated><link href="https://github.com/OWASP/CheatSheetSeries/pull/597" rel="self"/><link href="https://github.com/OWASP/CheatSheetSeries/pull/597" rel="alternate"/><published>2021-03-18T14:13:20+00:00</published></entry><entry><id>https://github.com/OWASP/CheatSheetSeries/pull/598</id><title>Fix wording after rework of bcrypt advice</title><updated>2021-03-18T15:19:08+00:00</updated><link href="https://github.com/OWASP/CheatSheetSeries/pull/598" rel="self"/><link href="https://github.com/OWASP/CheatSheetSeries/pull/598" rel="alternate"/><published>2021-03-18T15:19:08+00:00</published></entry><entry><id>https://github.com/OWASP/CheatSheetSeries/pull/600</id><title>fixes small typo</title><updated>2021-03-19T21:15:01+00:00</updated><link href="https://github.com/OWASP/CheatSheetSeries/pull/600" rel="self"/><link href="https://github.com/OWASP/CheatSheetSeries/pull/600" rel="alternate"/><published>2021-03-19T21:15:01+00:00</published></entry><entry><id>https://github.com/OWASP/CheatSheetSeries/pull/602</id><title>Remove extraneous 'Table of contents'</title><updated>2021-03-22T00:02:47+00:00</updated><link href="https://github.com/OWASP/CheatSheetSeries/pull/602" rel="self"/><link href="https://github.com/OWASP/CheatSheetSeries/pull/602" rel="alternate"/><published>2021-03-22T00:02:47+00:00</published></entry><entry><id>https://github.com/OWASP/CheatSheetSeries/pull/604</id><title>Update Password_Storage_Cheat_Sheet.md</title><updated>2021-03-22T12:14:14+00:00</updated><link href="https://github.com/OWASP/CheatSheetSeries/pull/604" rel="self"/><link href="https://github.com/OWASP/CheatSheetSeries/pull/604" rel="alternate"/><published>2021-03-22T12:14:14+00:00</published></entry><entry><id>https://github.com/OWASP/CheatSheetSeries/pull/605</id><title>Update Password_Storage_Cheat_Sheet.md</title><updated>2021-03-22T13:26:38+00:00</updated><link href="https://github.com/OWASP/CheatSheetSeries/pull/605" rel="self"/><link href="https://github.com/OWASP/CheatSheetSeries/pull/605" rel="alternate"/><published>2021-03-22T13:26:38+00:00</published></entry><entry><id>https://github.com/OWASP/CheatSheetSeries/pull/606</id><title>Update Password_Storage_Cheat_Sheet.md</title><updated>2021-03-22T13:40:44+00:00</updated><link href="https://github.com/OWASP/CheatSheetSeries/pull/606" rel="self"/><link href="https://github.com/OWASP/CheatSheetSeries/pull/606" rel="alternate"/><published>2021-03-22T13:40:44+00:00</published></entry><entry><id>https://github.com/OWASP/CheatSheetSeries/pull/607</id><title>Update Password_Storage_Cheat_Sheet.md</title><updated>2021-03-22T14:21:17+00:00</updated><link href="https://github.com/OWASP/CheatSheetSeries/pull/607" rel="self"/><link href="https://github.com/OWASP/CheatSheetSeries/pull/607" rel="alternate"/><published>2021-03-22T14:21:17+00:00</published></entry><entry><id>https://github.com/OWASP/CheatSheetSeries/pull/609</id><title>Update error handling cheat sheet</title><updated>2021-06-28T00:08:06+00:00</updated><link href="https://github.com/OWASP/CheatSheetSeries/pull/609" rel="self"/><link href="https://github.com/OWASP/CheatSheetSeries/pull/609" rel="alternate"/><published>2021-06-28T00:08:06+00:00</published></entry><entry><id>https://github.com/OWASP/CheatSheetSeries/pull/610</id><title>added an international character section and section to provide guida…</title><updated>2021-03-23T13:04:00+00:00</updated><link href="https://github.com/OWASP/CheatSheetSeries/pull/610" rel="self"/><link href="https://github.com/OWASP/CheatSheetSeries/pull/610" rel="alternate"/><published>2021-03-23T13:04:00+00:00</published></entry><entry><id>https://github.com/OWASP/CheatSheetSeries/pull/612</id><title>Update Password_Storage_Cheat_Sheet.md</title><updated>2021-03-24T14:19:22+00:00</updated><link href="https://github.com/OWASP/CheatSheetSeries/pull/612" rel="self"/><link href="https://github.com/OWASP/CheatSheetSeries/pull/612" rel="alternate"/><published>2021-03-24T14:19:22+00:00</published></entry><entry><id>https://github.com/OWASP/CheatSheetSeries/pull/613</id><title>Correct minor grammar mistakes</title><updated>2021-03-24T21:53:08+00:00</updated><link href="https://github.com/OWASP/CheatSheetSeries/pull/613" rel="self"/><link href="https://github.com/OWASP/CheatSheetSeries/pull/613" rel="alternate"/><published>2021-03-24T21:53:08+00:00</published></entry><entry><id>https://github.com/OWASP/CheatSheetSeries/pull/614</id><title>Not installing security updates is bad advice</title><updated>2021-03-24T21:52:06+00:00</updated><link href="https://github.com/OWASP/CheatSheetSeries/pull/614" rel="self"/><link href="https://github.com/OWASP/CheatSheetSeries/pull/614" rel="alternate"/><published>2021-03-24T21:52:06+00:00</published></entry><entry><id>https://github.com/OWASP/CheatSheetSeries/pull/615</id><title>Update Password_Storage_Cheat_Sheet.md</title><updated>2021-03-25T13:49:19+00:00</updated><link href="https://github.com/OWASP/CheatSheetSeries/pull/615" rel="self"/><link href="https://github.com/OWASP/CheatSheetSeries/pull/615" rel="alternate"/><published>2021-03-25T13:49:19+00:00</published></entry><entry><id>https://github.com/OWASP/CheatSheetSeries/pull/616</id><title>Update Password_Storage_Cheat_Sheet.md</title><updated>2021-03-25T14:45:59+00:00</updated><link href="https://github.com/OWASP/CheatSheetSeries/pull/616" rel="self"/><link href="https://github.com/OWASP/CheatSheetSeries/pull/616" rel="alternate"/><published>2021-03-25T14:45:59+00:00</published></entry><entry><id>https://github.com/OWASP/CheatSheetSeries/pull/617</id><title>Update Password_Storage_Cheat_Sheet.md</title><updated>2021-03-25T15:08:07+00:00</updated><link href="https://github.com/OWASP/CheatSheetSeries/pull/617" rel="self"/><link href="https://github.com/OWASP/CheatSheetSeries/pull/617" rel="alternate"/><published>2021-03-25T15:08:07+00:00</published></entry><entry><id>https://github.com/OWASP/CheatSheetSeries/pull/621</id><title>Add details about new way to pin on iOS</title><updated>2021-03-30T16:02:26+00:00</updated><link href="https://github.com/OWASP/CheatSheetSeries/pull/621" rel="self"/><link href="https://github.com/OWASP/CheatSheetSeries/pull/621" rel="alternate"/><published>2021-03-30T16:02:26+00:00</published></entry><entry><id>https://github.com/OWASP/CheatSheetSeries/pull/622</id><title>Updated API server Authentication section</title><updated>2021-03-30T23:03:49+00:00</updated><link href="https://github.com/OWASP/CheatSheetSeries/pull/622" rel="self"/><link href="https://github.com/OWASP/CheatSheetSeries/pull/622" rel="alternate"/><published>2021-03-30T23:03:49+00:00</published></entry><entry><id>https://github.com/OWASP/CheatSheetSeries/pull/624</id><title>added recommendations around auth and dashboard</title><updated>2021-03-31T21:40:15+00:00</updated><link href="https://github.com/OWASP/CheatSheetSeries/pull/624" rel="self"/><link href="https://github.com/OWASP/CheatSheetSeries/pull/624" rel="alternate"/><published>2021-03-31T21:40:15+00:00</published></entry><entry><id>https://github.com/OWASP/CheatSheetSeries/pull/625</id><title>Fix typos in Session_Management_Cheat_Sheet.md</title><updated>2021-04-01T12:36:11+00:00</updated><link href="https://github.com/OWASP/CheatSheetSeries/pull/625" rel="self"/><link href="https://github.com/OWASP/CheatSheetSeries/pull/625" rel="alternate"/><published>2021-04-01T12:36:11+00:00</published></entry><entry><id>https://github.com/OWASP/CheatSheetSeries/pull/626</id><title>Clarify DOM-based XSS Guildeline 6</title><updated>2021-04-02T02:20:07+00:00</updated><link href="https://github.com/OWASP/CheatSheetSeries/pull/626" rel="self"/><link href="https://github.com/OWASP/CheatSheetSeries/pull/626" rel="alternate"/><published>2021-04-02T02:20:07+00:00</published></entry><entry><id>https://github.com/OWASP/CheatSheetSeries/pull/627</id><title>Update minimal base image section</title><updated>2021-04-04T15:33:46+00:00</updated><link href="https://github.com/OWASP/CheatSheetSeries/pull/627" rel="self"/><link href="https://github.com/OWASP/CheatSheetSeries/pull/627" rel="alternate"/><published>2021-04-04T15:33:46+00:00</published></entry><entry><id>https://github.com/OWASP/CheatSheetSeries/pull/628</id><title>Fix spelling error: genererated -&gt; generated</title><updated>2021-04-06T19:17:27+00:00</updated><link href="https://github.com/OWASP/CheatSheetSeries/pull/628" rel="self"/><link href="https://github.com/OWASP/CheatSheetSeries/pull/628" rel="alternate"/><published>2021-04-06T19:17:27+00:00</published></entry><entry><id>https://github.com/OWASP/CheatSheetSeries/pull/629</id><title>Updated, replaced problematic question requesting PII</title><updated>2021-04-07T14:21:03+00:00</updated><link href="https://github.com/OWASP/CheatSheetSeries/pull/629" rel="self"/><link href="https://github.com/OWASP/CheatSheetSeries/pull/629" rel="alternate"/><published>2021-04-07T14:21:03+00:00</published></entry><entry><id>https://github.com/OWASP/CheatSheetSeries/pull/632</id><title>Update Ruby_on_Rails_Cheat_Sheet.md</title><updated>2021-04-10T20:17:00+00:00</updated><link href="https://github.com/OWASP/CheatSheetSeries/pull/632" rel="self"/><link href="https://github.com/OWASP/CheatSheetSeries/pull/632" rel="alternate"/><published>2021-04-10T20:17:00+00:00</published></entry><entry><id>https://github.com/OWASP/CheatSheetSeries/pull/633</id><title>Update Choosing_and_Using_Security_Questions_Cheat_Sheet.md</title><updated>2021-04-10T20:26:48+00:00</updated><link href="https://github.com/OWASP/CheatSheetSeries/pull/633" rel="self"/><link href="https://github.com/OWASP/CheatSheetSeries/pull/633" rel="alternate"/><published>2021-04-10T20:26:48+00:00</published></entry><entry><id>https://github.com/OWASP/CheatSheetSeries/pull/634</id><title>Update Choosing_and_Using_Security_Questions_Cheat_Sheet.md</title><updated>2021-04-11T00:50:40+00:00</updated><link href="https://github.com/OWASP/CheatSheetSeries/pull/634" rel="self"/><link href="https://github.com/OWASP/CheatSheetSeries/pull/634" rel="alternate"/><published>2021-04-11T00:50:40+00:00</published></entry><entry><id>https://github.com/OWASP/CheatSheetSeries/pull/637</id><title>Update ESAPI4JS references for DOM_based_XSS_Prevention_Cheat_Sheet.md</title><updated>2021-04-21T13:33:53+00:00</updated><link href="https://github.com/OWASP/CheatSheetSeries/pull/637" rel="self"/><link href="https://github.com/OWASP/CheatSheetSeries/pull/637" rel="alternate"/><published>2021-04-21T13:33:53+00:00</published></entry><entry><id>https://github.com/OWASP/CheatSheetSeries/pull/638</id><title>Replace content with reference to the Threat Modeling Manifesto</title><updated>2021-05-14T01:01:10+00:00</updated><link href="https://github.com/OWASP/CheatSheetSeries/pull/638" rel="self"/><link href="https://github.com/OWASP/CheatSheetSeries/pull/638" rel="alternate"/><published>2021-05-14T01:01:10+00:00</published></entry><entry><id>https://github.com/OWASP/CheatSheetSeries/pull/639</id><title>Update Unvalidated_Redirects_and_Forwards_Cheat_Sheet.md</title><updated>2021-04-21T13:33:06+00:00</updated><link href="https://github.com/OWASP/CheatSheetSeries/pull/639" rel="self"/><link href="https://github.com/OWASP/CheatSheetSeries/pull/639" rel="alternate"/><published>2021-04-21T13:33:06+00:00</published></entry><entry><id>https://github.com/OWASP/CheatSheetSeries/pull/642</id><title>New Addition: Infrastructure as Code Security Cheatsheet</title><updated>2021-04-28T14:37:42+00:00</updated><link href="https://github.com/OWASP/CheatSheetSeries/pull/642" rel="self"/><link href="https://github.com/OWASP/CheatSheetSeries/pull/642" rel="alternate"/><published>2021-04-28T14:37:42+00:00</published></entry><entry><id>https://github.com/OWASP/CheatSheetSeries/pull/646</id><title>simplify xss rule #2</title><updated>2021-04-29T18:30:33+00:00</updated><link href="https://github.com/OWASP/CheatSheetSeries/pull/646" rel="self"/><link href="https://github.com/OWASP/CheatSheetSeries/pull/646" rel="alternate"/><published>2021-04-29T18:30:33+00:00</published></entry><entry><id>https://github.com/OWASP/CheatSheetSeries/pull/647</id><title>Revert "New Addition: Infrastructure as Code Security Cheatsheet"</title><updated>2021-04-29T07:48:34+00:00</updated><link href="https://github.com/OWASP/CheatSheetSeries/pull/647" rel="self"/><link href="https://github.com/OWASP/CheatSheetSeries/pull/647" rel="alternate"/><published>2021-04-29T07:48:34+00:00</published></entry><entry><id>https://github.com/OWASP/CheatSheetSeries/pull/649</id><title>New Addition: Infrastructure as Code Security Cheatsheet</title><updated>2021-05-12T12:59:34+00:00</updated><link href="https://github.com/OWASP/CheatSheetSeries/pull/649" rel="self"/><link href="https://github.com/OWASP/CheatSheetSeries/pull/649" rel="alternate"/><published>2021-05-12T12:59:34+00:00</published></entry><entry><id>https://github.com/OWASP/CheatSheetSeries/pull/650</id><title>Update links in Content_Security_Policy_Cheat_Sheet</title><updated>2021-04-30T13:58:26+00:00</updated><link href="https://github.com/OWASP/CheatSheetSeries/pull/650" rel="self"/><link href="https://github.com/OWASP/CheatSheetSeries/pull/650" rel="alternate"/><published>2021-04-30T13:58:26+00:00</published></entry><entry><id>https://github.com/OWASP/CheatSheetSeries/pull/651</id><title>[NEW] Application Logging Vocabulary Cheat Sheet </title><updated>2021-05-02T16:52:26+00:00</updated><link href="https://github.com/OWASP/CheatSheetSeries/pull/651" rel="self"/><link href="https://github.com/OWASP/CheatSheetSeries/pull/651" rel="alternate"/><published>2021-05-02T16:52:26+00:00</published></entry><entry><id>https://github.com/OWASP/CheatSheetSeries/pull/653</id><title>node.js cheat sheet - Add async/await and rework callback hell, swap retire with npm audit, and small fixes on linting section</title><updated>2021-05-04T11:22:51+00:00</updated><link href="https://github.com/OWASP/CheatSheetSeries/pull/653" rel="self"/><link href="https://github.com/OWASP/CheatSheetSeries/pull/653" rel="alternate"/><published>2021-05-04T11:22:51+00:00</published></entry><entry><id>https://github.com/OWASP/CheatSheetSeries/pull/655</id><title>Adds some examples to show why input validation is important</title><updated>2021-05-04T17:25:01+00:00</updated><link href="https://github.com/OWASP/CheatSheetSeries/pull/655" rel="self"/><link href="https://github.com/OWASP/CheatSheetSeries/pull/655" rel="alternate"/><published>2021-05-04T17:25:01+00:00</published></entry><entry><id>https://github.com/OWASP/CheatSheetSeries/pull/656</id><title>Update Cross-Site_Request_Forgery_Prevention_Cheat_Sheet.md</title><updated>2021-05-06T17:06:04+00:00</updated><link href="https://github.com/OWASP/CheatSheetSeries/pull/656" rel="self"/><link href="https://github.com/OWASP/CheatSheetSeries/pull/656" rel="alternate"/><published>2021-05-06T17:06:04+00:00</published></entry><entry><id>https://github.com/OWASP/CheatSheetSeries/pull/657</id><title>docs: adding attribution of original work</title><updated>2021-05-06T17:05:48+00:00</updated><link href="https://github.com/OWASP/CheatSheetSeries/pull/657" rel="self"/><link href="https://github.com/OWASP/CheatSheetSeries/pull/657" rel="alternate"/><published>2021-05-06T17:05:48+00:00</published></entry><entry><id>https://github.com/OWASP/CheatSheetSeries/pull/658</id><title>Promote NodeJS_Docker_CheatSheet</title><updated>2021-05-09T13:02:44+00:00</updated><link href="https://github.com/OWASP/CheatSheetSeries/pull/658" rel="self"/><link href="https://github.com/OWASP/CheatSheetSeries/pull/658" rel="alternate"/><published>2021-05-09T13:02:44+00:00</published></entry><entry><id>https://github.com/OWASP/CheatSheetSeries/pull/662</id><title>Promote Authorization Cheat Sheet</title><updated>2021-05-12T13:58:29+00:00</updated><link href="https://github.com/OWASP/CheatSheetSeries/pull/662" rel="self"/><link href="https://github.com/OWASP/CheatSheetSeries/pull/662" rel="alternate"/><published>2021-05-12T13:58:29+00:00</published></entry><entry><id>https://github.com/OWASP/CheatSheetSeries/pull/663</id><title>Promote Application Logging Vocabulary CS</title><updated>2021-05-12T12:50:42+00:00</updated><link href="https://github.com/OWASP/CheatSheetSeries/pull/663" rel="self"/><link href="https://github.com/OWASP/CheatSheetSeries/pull/663" rel="alternate"/><published>2021-05-12T12:50:42+00:00</published></entry><entry><id>https://github.com/OWASP/CheatSheetSeries/pull/664</id><title>Fix formatting in the CSRF mitigation doc</title><updated>2021-05-12T11:53:22+00:00</updated><link href="https://github.com/OWASP/CheatSheetSeries/pull/664" rel="self"/><link href="https://github.com/OWASP/CheatSheetSeries/pull/664" rel="alternate"/><published>2021-05-12T11:53:22+00:00</published></entry><entry><id>https://github.com/OWASP/CheatSheetSeries/pull/665</id><title>Update Password_Storage_Cheat_Sheet.md</title><updated>2021-05-17T09:11:49+00:00</updated><link href="https://github.com/OWASP/CheatSheetSeries/pull/665" rel="self"/><link href="https://github.com/OWASP/CheatSheetSeries/pull/665" rel="alternate"/><published>2021-05-17T09:11:49+00:00</published></entry><entry><id>https://github.com/OWASP/CheatSheetSeries/pull/667</id><title>New Addition: Infrastructure as Code Security CheatSheet</title><updated>2021-05-17T09:11:08+00:00</updated><link href="https://github.com/OWASP/CheatSheetSeries/pull/667" rel="self"/><link href="https://github.com/OWASP/CheatSheetSeries/pull/667" rel="alternate"/><published>2021-05-17T09:11:08+00:00</published></entry><entry><id>https://github.com/OWASP/CheatSheetSeries/pull/668</id><title>Fixed code example in Node.js CheatSheet</title><updated>2021-05-21T14:14:08+00:00</updated><link href="https://github.com/OWASP/CheatSheetSeries/pull/668" rel="self"/><link href="https://github.com/OWASP/CheatSheetSeries/pull/668" rel="alternate"/><published>2021-05-21T14:14:08+00:00</published></entry><entry><id>https://github.com/OWASP/CheatSheetSeries/pull/670</id><title>Update Multifactor_Authentication_Cheat_Sheet.md</title><updated>2021-06-01T15:12:40+00:00</updated><link href="https://github.com/OWASP/CheatSheetSeries/pull/670" rel="self"/><link href="https://github.com/OWASP/CheatSheetSeries/pull/670" rel="alternate"/><published>2021-06-01T15:12:40+00:00</published></entry><entry><id>https://github.com/OWASP/CheatSheetSeries/pull/671</id><title>Typo: missing t in the</title><updated>2021-06-01T23:13:29+00:00</updated><link href="https://github.com/OWASP/CheatSheetSeries/pull/671" rel="self"/><link href="https://github.com/OWASP/CheatSheetSeries/pull/671" rel="alternate"/><published>2021-06-01T23:13:29+00:00</published></entry><entry><id>https://github.com/OWASP/CheatSheetSeries/pull/672</id><title>Add "Logging" subsection to the microservice security cheat sheet</title><updated>2021-06-14T22:28:13+00:00</updated><link href="https://github.com/OWASP/CheatSheetSeries/pull/672" rel="self"/><link href="https://github.com/OWASP/CheatSheetSeries/pull/672" rel="alternate"/><published>2021-06-14T22:28:13+00:00</published></entry><entry><id>https://github.com/OWASP/CheatSheetSeries/pull/673</id><title>Update Threat_Modeling_Cheat_Sheet.md</title><updated>2021-06-28T09:39:54+00:00</updated><link href="https://github.com/OWASP/CheatSheetSeries/pull/673" rel="self"/><link href="https://github.com/OWASP/CheatSheetSeries/pull/673" rel="alternate"/><published>2021-06-28T09:39:54+00:00</published></entry><entry><id>https://github.com/OWASP/CheatSheetSeries/pull/674</id><title>Update Server_Side_Request_Forgery_Prevention_Cheat_Sheet.md</title><updated>2021-06-21T11:54:25+00:00</updated><link href="https://github.com/OWASP/CheatSheetSeries/pull/674" rel="self"/><link href="https://github.com/OWASP/CheatSheetSeries/pull/674" rel="alternate"/><published>2021-06-21T11:54:25+00:00</published></entry><entry><id>https://github.com/OWASP/CheatSheetSeries/pull/675</id><title>Markdown fixes for K8s cheatsheet</title><updated>2021-06-21T08:22:42+00:00</updated><link href="https://github.com/OWASP/CheatSheetSeries/pull/675" rel="self"/><link href="https://github.com/OWASP/CheatSheetSeries/pull/675" rel="alternate"/><published>2021-06-21T08:22:42+00:00</published></entry><entry><id>https://github.com/OWASP/CheatSheetSeries/pull/676</id><title>Document build process / add requirements / better bash</title><updated>2021-06-21T08:37:30+00:00</updated><link href="https://github.com/OWASP/CheatSheetSeries/pull/676" rel="self"/><link href="https://github.com/OWASP/CheatSheetSeries/pull/676" rel="alternate"/><published>2021-06-21T08:37:30+00:00</published></entry><entry><id>https://github.com/OWASP/CheatSheetSeries/pull/680</id><title>Various improvements</title><updated>2021-06-28T09:43:24+00:00</updated><link href="https://github.com/OWASP/CheatSheetSeries/pull/680" rel="self"/><link href="https://github.com/OWASP/CheatSheetSeries/pull/680" rel="alternate"/><published>2021-06-28T09:43:24+00:00</published></entry><entry><id>https://github.com/OWASP/CheatSheetSeries/pull/683</id><title>Update Multifactor_Authentication_Cheat_Sheet.md</title><updated>2021-06-22T18:20:44+00:00</updated><link href="https://github.com/OWASP/CheatSheetSeries/pull/683" rel="self"/><link href="https://github.com/OWASP/CheatSheetSeries/pull/683" rel="alternate"/><published>2021-06-22T18:20:44+00:00</published></entry><entry><id>https://github.com/OWASP/CheatSheetSeries/pull/687</id><title>Add to Access controls ABAC and OrBAC</title><updated>2021-06-28T00:02:15+00:00</updated><link href="https://github.com/OWASP/CheatSheetSeries/pull/687" rel="self"/><link href="https://github.com/OWASP/CheatSheetSeries/pull/687" rel="alternate"/><published>2021-06-28T00:02:15+00:00</published></entry><entry><id>https://github.com/OWASP/CheatSheetSeries/pull/688</id><title>Expand the Authorization definition</title><updated>2021-06-28T09:52:07+00:00</updated><link href="https://github.com/OWASP/CheatSheetSeries/pull/688" rel="self"/><link href="https://github.com/OWASP/CheatSheetSeries/pull/688" rel="alternate"/><published>2021-06-28T09:52:07+00:00</published></entry><entry><id>https://github.com/OWASP/CheatSheetSeries/pull/693</id><title>Fixed typo in git-secrets</title><updated>2021-06-27T23:59:08+00:00</updated><link href="https://github.com/OWASP/CheatSheetSeries/pull/693" rel="self"/><link href="https://github.com/OWASP/CheatSheetSeries/pull/693" rel="alternate"/><published>2021-06-27T23:59:08+00:00</published></entry><entry><id>https://github.com/OWASP/CheatSheetSeries/pull/694</id><title>Substitute inclusive terms for gender-specific</title><updated>2021-06-28T00:00:45+00:00</updated><link href="https://github.com/OWASP/CheatSheetSeries/pull/694" rel="self"/><link href="https://github.com/OWASP/CheatSheetSeries/pull/694" rel="alternate"/><published>2021-06-28T00:00:45+00:00</published></entry><entry><id>https://github.com/OWASP/CheatSheetSeries/pull/700</id><title>Update XML_External_Entity_Prevention_Cheat_Sheet.md</title><updated>2021-07-01T23:53:35+00:00</updated><link href="https://github.com/OWASP/CheatSheetSeries/pull/700" rel="self"/><link href="https://github.com/OWASP/CheatSheetSeries/pull/700" rel="alternate"/><published>2021-07-01T23:53:35+00:00</published></entry><entry><id>https://github.com/OWASP/CheatSheetSeries/pull/701</id><title>Update Cross_Site_Scripting_Prevention_Cheat_Sheet.md</title><updated>2021-07-02T11:59:44+00:00</updated><link href="https://github.com/OWASP/CheatSheetSeries/pull/701" rel="self"/><link href="https://github.com/OWASP/CheatSheetSeries/pull/701" rel="alternate"/><published>2021-07-02T11:59:44+00:00</published></entry><entry><id>https://github.com/OWASP/CheatSheetSeries/pull/702</id><title>Fix Github Action</title><updated>2021-07-05T10:45:00+00:00</updated><link href="https://github.com/OWASP/CheatSheetSeries/pull/702" rel="self"/><link href="https://github.com/OWASP/CheatSheetSeries/pull/702" rel="alternate"/><published>2021-07-05T10:45:00+00:00</published></entry><entry><id>https://github.com/OWASP/CheatSheetSeries/pull/703</id><title>Fixing various typos</title><updated>2021-07-07T08:13:57+00:00</updated><link href="https://github.com/OWASP/CheatSheetSeries/pull/703" rel="self"/><link href="https://github.com/OWASP/CheatSheetSeries/pull/703" rel="alternate"/><published>2021-07-07T08:13:57+00:00</published></entry><entry><id>https://github.com/OWASP/CheatSheetSeries/pull/704</id><title>- Add DoS vulnerability information of .NET xml parser</title><updated>2021-07-13T10:59:27+00:00</updated><link href="https://github.com/OWASP/CheatSheetSeries/pull/704" rel="self"/><link href="https://github.com/OWASP/CheatSheetSeries/pull/704" rel="alternate"/><published>2021-07-13T10:59:27+00:00</published></entry><entry><id>https://github.com/OWASP/CheatSheetSeries/pull/706</id><title>Fix spelling mistakes in Access Control Cheat Sheet</title><updated>2021-07-20T10:48:44+00:00</updated><link href="https://github.com/OWASP/CheatSheetSeries/pull/706" rel="self"/><link href="https://github.com/OWASP/CheatSheetSeries/pull/706" rel="alternate"/><published>2021-07-20T10:48:44+00:00</published></entry><entry><id>https://github.com/OWASP/CheatSheetSeries/pull/708</id><title>Various Authorization and Authentication corrections</title><updated>2021-07-23T12:10:08+00:00</updated><link href="https://github.com/OWASP/CheatSheetSeries/pull/708" rel="self"/><link href="https://github.com/OWASP/CheatSheetSeries/pull/708" rel="alternate"/><published>2021-07-23T12:10:08+00:00</published></entry><entry><id>https://github.com/OWASP/CheatSheetSeries/pull/709</id><title>Various Authorization and Authentication corrections</title><updated>2021-07-23T12:11:10+00:00</updated><link href="https://github.com/OWASP/CheatSheetSeries/pull/709" rel="self"/><link href="https://github.com/OWASP/CheatSheetSeries/pull/709" rel="alternate"/><published>2021-07-23T12:11:10+00:00</published></entry><entry><id>https://github.com/OWASP/CheatSheetSeries/pull/710</id><title>Various Authorization and Authentication corrections</title><updated>2021-07-26T14:54:00+00:00</updated><link href="https://github.com/OWASP/CheatSheetSeries/pull/710" rel="self"/><link href="https://github.com/OWASP/CheatSheetSeries/pull/710" rel="alternate"/><published>2021-07-26T14:54:00+00:00</published></entry><entry><id>https://github.com/OWASP/CheatSheetSeries/pull/711</id><title>Various Authorization and Authentication corrections</title><updated>2021-07-26T08:34:16+00:00</updated><link href="https://github.com/OWASP/CheatSheetSeries/pull/711" rel="self"/><link href="https://github.com/OWASP/CheatSheetSeries/pull/711" rel="alternate"/><published>2021-07-26T08:34:16+00:00</published></entry><entry><id>https://github.com/OWASP/CheatSheetSeries/pull/712</id><title>REST_Security_Cheat_Sheet typos </title><updated>2021-07-23T12:38:43+00:00</updated><link href="https://github.com/OWASP/CheatSheetSeries/pull/712" rel="self"/><link href="https://github.com/OWASP/CheatSheetSeries/pull/712" rel="alternate"/><published>2021-07-23T12:38:43+00:00</published></entry><entry><id>https://github.com/OWASP/CheatSheetSeries/pull/713</id><title>SAML_Security_Cheat_Sheet.md typo</title><updated>2021-07-23T12:23:13+00:00</updated><link href="https://github.com/OWASP/CheatSheetSeries/pull/713" rel="self"/><link href="https://github.com/OWASP/CheatSheetSeries/pull/713" rel="alternate"/><published>2021-07-23T12:23:13+00:00</published></entry><entry><id>https://github.com/OWASP/CheatSheetSeries/pull/715</id><title>Transport Layer Protection CS en_US</title><updated>2021-07-23T12:34:49+00:00</updated><link href="https://github.com/OWASP/CheatSheetSeries/pull/715" rel="self"/><link href="https://github.com/OWASP/CheatSheetSeries/pull/715" rel="alternate"/><published>2021-07-23T12:34:49+00:00</published></entry><entry><id>https://github.com/OWASP/CheatSheetSeries/pull/716</id><title>Web Service Security CS auth updates</title><updated>2021-07-26T08:33:04+00:00</updated><link href="https://github.com/OWASP/CheatSheetSeries/pull/716" rel="self"/><link href="https://github.com/OWASP/CheatSheetSeries/pull/716" rel="alternate"/><published>2021-07-26T08:33:04+00:00</published></entry><entry><id>https://github.com/OWASP/CheatSheetSeries/pull/718</id><title>Updated SAMM v2 reference for abuse cases</title><updated>2021-07-26T08:31:56+00:00</updated><link href="https://github.com/OWASP/CheatSheetSeries/pull/718" rel="self"/><link href="https://github.com/OWASP/CheatSheetSeries/pull/718" rel="alternate"/><published>2021-07-26T08:31:56+00:00</published></entry></feed>