<?xml version='1.0' encoding='UTF-8'?>
<feed xmlns="http://www.w3.org/2005/Atom" xml:lang="en"><id>https://cheatsheetseries.owasp.org/</id><title>OWASP Cheat Sheet Series update</title><updated>2022-06-04T18:09:30+00:00</updated><author><name>Core team</name><email>dominique.righetto@owasp.org</email></author><link href="https://cheatsheetseries.owasp.org" rel="self"/><link href="https://github.com/OWASP/CheatSheetSeries" rel="alternate"/><generator uri="https://lkiesow.github.io/python-feedgen" version="0.9.0">python-feedgen</generator><icon>https://cheatsheetseries.owasp.org/gitbook/images/favicon.ico</icon><subtitle>List of the last updates on the content</subtitle><entry><id>https://github.com/OWASP/CheatSheetSeries/pull/771</id><title>Update Cross-Site_Request_Forgery_Prevention_Cheat_Sheet.md</title><updated>2021-10-24T22:22:27+00:00</updated><link href="https://github.com/OWASP/CheatSheetSeries/pull/771" rel="self"/><link href="https://github.com/OWASP/CheatSheetSeries/pull/771" rel="alternate"/><published>2021-10-24T22:22:27+00:00</published></entry><entry><id>https://github.com/OWASP/CheatSheetSeries/pull/775</id><title>Add link to OSHP in references</title><updated>2021-10-28T02:26:10+00:00</updated><link href="https://github.com/OWASP/CheatSheetSeries/pull/775" rel="self"/><link href="https://github.com/OWASP/CheatSheetSeries/pull/775" rel="alternate"/><published>2021-10-28T02:26:10+00:00</published></entry><entry><id>https://github.com/OWASP/CheatSheetSeries/pull/776</id><title>Add argument escaping to .NET OS Command injection examples to resolve #774</title><updated>2021-10-30T14:33:20+00:00</updated><link href="https://github.com/OWASP/CheatSheetSeries/pull/776" rel="self"/><link href="https://github.com/OWASP/CheatSheetSeries/pull/776" rel="alternate"/><published>2021-10-30T14:33:20+00:00</published></entry><entry><id>https://github.com/OWASP/CheatSheetSeries/pull/777</id><title>csp generator links</title><updated>2021-10-28T16:31:37+00:00</updated><link href="https://github.com/OWASP/CheatSheetSeries/pull/777" rel="self"/><link href="https://github.com/OWASP/CheatSheetSeries/pull/777" rel="alternate"/><published>2021-10-28T16:31:37+00:00</published></entry><entry><id>https://github.com/OWASP/CheatSheetSeries/pull/778</id><title>Shortening lines so that horizontal scrollbars are not needed in changes added in #776</title><updated>2021-11-01T02:19:52+00:00</updated><link href="https://github.com/OWASP/CheatSheetSeries/pull/778" rel="self"/><link href="https://github.com/OWASP/CheatSheetSeries/pull/778" rel="alternate"/><published>2021-11-01T02:19:52+00:00</published></entry><entry><id>https://github.com/OWASP/CheatSheetSeries/pull/779</id><title>Update HTTP_Headers_Cheat_Sheet.md</title><updated>2021-11-01T17:31:48+00:00</updated><link href="https://github.com/OWASP/CheatSheetSeries/pull/779" rel="self"/><link href="https://github.com/OWASP/CheatSheetSeries/pull/779" rel="alternate"/><published>2021-11-01T17:31:48+00:00</published></entry><entry><id>https://github.com/OWASP/CheatSheetSeries/pull/780</id><title>Update HTTP_Headers_Cheat_Sheet.md</title><updated>2021-11-01T17:37:21+00:00</updated><link href="https://github.com/OWASP/CheatSheetSeries/pull/780" rel="self"/><link href="https://github.com/OWASP/CheatSheetSeries/pull/780" rel="alternate"/><published>2021-11-01T17:37:21+00:00</published></entry><entry><id>https://github.com/OWASP/CheatSheetSeries/pull/781</id><title>Rename Application_Logging_Vocabulary_Cheat_Sheet.md to Logging_Vocabulary_Cheat_Sheet.md</title><updated>2021-11-02T15:37:50+00:00</updated><link href="https://github.com/OWASP/CheatSheetSeries/pull/781" rel="self"/><link href="https://github.com/OWASP/CheatSheetSeries/pull/781" rel="alternate"/><published>2021-11-02T15:37:50+00:00</published></entry><entry><id>https://github.com/OWASP/CheatSheetSeries/pull/782</id><title>Updating Clickjacking SameSite cookie link</title><updated>2021-11-04T16:13:19+00:00</updated><link href="https://github.com/OWASP/CheatSheetSeries/pull/782" rel="self"/><link href="https://github.com/OWASP/CheatSheetSeries/pull/782" rel="alternate"/><published>2021-11-04T16:13:19+00:00</published></entry><entry><id>https://github.com/OWASP/CheatSheetSeries/pull/783</id><title>fix typo in Threat_Modeling_Cheat_Sheet</title><updated>2021-11-06T15:31:29+00:00</updated><link href="https://github.com/OWASP/CheatSheetSeries/pull/783" rel="self"/><link href="https://github.com/OWASP/CheatSheetSeries/pull/783" rel="alternate"/><published>2021-11-06T15:31:29+00:00</published></entry><entry><id>https://github.com/OWASP/CheatSheetSeries/pull/785</id><title>secrets management cheatsheet iteration</title><updated>2021-12-10T15:48:15+00:00</updated><link href="https://github.com/OWASP/CheatSheetSeries/pull/785" rel="self"/><link href="https://github.com/OWASP/CheatSheetSeries/pull/785" rel="alternate"/><published>2021-12-10T15:48:15+00:00</published></entry><entry><id>https://github.com/OWASP/CheatSheetSeries/pull/786</id><title>Add redirect to Application_Logging_Vocabulary_Cheat_Sheet.html</title><updated>2021-11-12T15:47:57+00:00</updated><link href="https://github.com/OWASP/CheatSheetSeries/pull/786" rel="self"/><link href="https://github.com/OWASP/CheatSheetSeries/pull/786" rel="alternate"/><published>2021-11-12T15:47:57+00:00</published></entry><entry><id>https://github.com/OWASP/CheatSheetSeries/pull/787</id><title>First iteration of 1 and 6 in #124</title><updated>2021-11-15T15:51:13+00:00</updated><link href="https://github.com/OWASP/CheatSheetSeries/pull/787" rel="self"/><link href="https://github.com/OWASP/CheatSheetSeries/pull/787" rel="alternate"/><published>2021-11-15T15:51:13+00:00</published></entry><entry><id>https://github.com/OWASP/CheatSheetSeries/pull/789</id><title>Update .NET guidance based on feedback from @relaxnow</title><updated>2022-02-23T17:13:32+00:00</updated><link href="https://github.com/OWASP/CheatSheetSeries/pull/789" rel="self"/><link href="https://github.com/OWASP/CheatSheetSeries/pull/789" rel="alternate"/><published>2022-02-23T17:13:32+00:00</published></entry><entry><id>https://github.com/OWASP/CheatSheetSeries/pull/790</id><title>Remove unnecessary word</title><updated>2021-12-03T00:53:43+00:00</updated><link href="https://github.com/OWASP/CheatSheetSeries/pull/790" rel="self"/><link href="https://github.com/OWASP/CheatSheetSeries/pull/790" rel="alternate"/><published>2021-12-03T00:53:43+00:00</published></entry><entry><id>https://github.com/OWASP/CheatSheetSeries/pull/791</id><title>First iteration of 3&amp;4 at #124</title><updated>2021-12-03T00:47:17+00:00</updated><link href="https://github.com/OWASP/CheatSheetSeries/pull/791" rel="self"/><link href="https://github.com/OWASP/CheatSheetSeries/pull/791" rel="alternate"/><published>2021-12-03T00:47:17+00:00</published></entry><entry><id>https://github.com/OWASP/CheatSheetSeries/pull/794</id><title>Updating with newer Microsoft guidance</title><updated>2021-12-03T00:45:58+00:00</updated><link href="https://github.com/OWASP/CheatSheetSeries/pull/794" rel="self"/><link href="https://github.com/OWASP/CheatSheetSeries/pull/794" rel="alternate"/><published>2021-12-03T00:45:58+00:00</published></entry><entry><id>https://github.com/OWASP/CheatSheetSeries/pull/795</id><title>XS Leaks cheatsheet</title><updated>2021-12-07T15:27:18+00:00</updated><link href="https://github.com/OWASP/CheatSheetSeries/pull/795" rel="self"/><link href="https://github.com/OWASP/CheatSheetSeries/pull/795" rel="alternate"/><published>2021-12-07T15:27:18+00:00</published></entry><entry><id>https://github.com/OWASP/CheatSheetSeries/pull/796</id><title>Fix numbered list indentation</title><updated>2021-12-08T09:56:46+00:00</updated><link href="https://github.com/OWASP/CheatSheetSeries/pull/796" rel="self"/><link href="https://github.com/OWASP/CheatSheetSeries/pull/796" rel="alternate"/><published>2021-12-08T09:56:46+00:00</published></entry><entry><id>https://github.com/OWASP/CheatSheetSeries/pull/797</id><title>Updated Secret Management CheastSheet Draft</title><updated>2021-12-13T03:44:49+00:00</updated><link href="https://github.com/OWASP/CheatSheetSeries/pull/797" rel="self"/><link href="https://github.com/OWASP/CheatSheetSeries/pull/797" rel="alternate"/><published>2021-12-13T03:44:49+00:00</published></entry><entry><id>https://github.com/OWASP/CheatSheetSeries/pull/798</id><title>Update README slack invite link</title><updated>2021-12-16T09:52:26+00:00</updated><link href="https://github.com/OWASP/CheatSheetSeries/pull/798" rel="self"/><link href="https://github.com/OWASP/CheatSheetSeries/pull/798" rel="alternate"/><published>2021-12-16T09:52:26+00:00</published></entry><entry><id>https://github.com/OWASP/CheatSheetSeries/pull/799</id><title>DRAFT: WIP at 5 and 8 of https://github.com/OWASP/CheatSheetSeries/issues/124</title><updated>2021-12-21T14:42:39+00:00</updated><link href="https://github.com/OWASP/CheatSheetSeries/pull/799" rel="self"/><link href="https://github.com/OWASP/CheatSheetSeries/pull/799" rel="alternate"/><published>2021-12-21T14:42:39+00:00</published></entry><entry><id>https://github.com/OWASP/CheatSheetSeries/pull/802</id><title>Bug</title><updated>2022-01-03T09:00:09+00:00</updated><link href="https://github.com/OWASP/CheatSheetSeries/pull/802" rel="self"/><link href="https://github.com/OWASP/CheatSheetSeries/pull/802" rel="alternate"/><published>2022-01-03T09:00:09+00:00</published></entry><entry><id>https://github.com/OWASP/CheatSheetSeries/pull/803</id><title>Fix: broken link to Application Logging Vocabulary cheat sheet &amp; updated reference</title><updated>2022-01-03T08:58:19+00:00</updated><link href="https://github.com/OWASP/CheatSheetSeries/pull/803" rel="self"/><link href="https://github.com/OWASP/CheatSheetSeries/pull/803" rel="alternate"/><published>2022-01-03T08:58:19+00:00</published></entry><entry><id>https://github.com/OWASP/CheatSheetSeries/pull/804</id><title>Update Kubernetes_Security_Cheat_Sheet.md</title><updated>2022-01-06T18:01:03+00:00</updated><link href="https://github.com/OWASP/CheatSheetSeries/pull/804" rel="self"/><link href="https://github.com/OWASP/CheatSheetSeries/pull/804" rel="alternate"/><published>2022-01-06T18:01:03+00:00</published></entry><entry><id>https://github.com/OWASP/CheatSheetSeries/pull/805</id><title>fix anti-SQL injection sample code</title><updated>2022-01-06T17:59:58+00:00</updated><link href="https://github.com/OWASP/CheatSheetSeries/pull/805" rel="self"/><link href="https://github.com/OWASP/CheatSheetSeries/pull/805" rel="alternate"/><published>2022-01-06T17:59:58+00:00</published></entry><entry><id>https://github.com/OWASP/CheatSheetSeries/pull/806</id><title>XSS Prevention Cheatsheet Rewrite v2</title><updated>2022-02-02T08:32:07+00:00</updated><link href="https://github.com/OWASP/CheatSheetSeries/pull/806" rel="self"/><link href="https://github.com/OWASP/CheatSheetSeries/pull/806" rel="alternate"/><published>2022-02-02T08:32:07+00:00</published></entry><entry><id>https://github.com/OWASP/CheatSheetSeries/pull/807</id><title>Add OS command injection code to Ruby_on_Rails_Cheat_Sheet</title><updated>2022-01-08T17:02:41+00:00</updated><link href="https://github.com/OWASP/CheatSheetSeries/pull/807" rel="self"/><link href="https://github.com/OWASP/CheatSheetSeries/pull/807" rel="alternate"/><published>2022-01-08T17:02:41+00:00</published></entry><entry><id>https://github.com/OWASP/CheatSheetSeries/pull/808</id><title>Updated references in authorization cheat sheet and typos</title><updated>2022-01-08T17:01:59+00:00</updated><link href="https://github.com/OWASP/CheatSheetSeries/pull/808" rel="self"/><link href="https://github.com/OWASP/CheatSheetSeries/pull/808" rel="alternate"/><published>2022-01-08T17:01:59+00:00</published></entry><entry><id>https://github.com/OWASP/CheatSheetSeries/pull/809</id><title>Corrected the scope of links to make them more natural</title><updated>2022-01-10T01:29:01+00:00</updated><link href="https://github.com/OWASP/CheatSheetSeries/pull/809" rel="self"/><link href="https://github.com/OWASP/CheatSheetSeries/pull/809" rel="alternate"/><published>2022-01-10T01:29:01+00:00</published></entry><entry><id>https://github.com/OWASP/CheatSheetSeries/pull/810</id><title>Update Transport_Layer_Protection_Cheat_Sheet.md</title><updated>2022-01-10T01:28:31+00:00</updated><link href="https://github.com/OWASP/CheatSheetSeries/pull/810" rel="self"/><link href="https://github.com/OWASP/CheatSheetSeries/pull/810" rel="alternate"/><published>2022-01-10T01:28:31+00:00</published></entry><entry><id>https://github.com/OWASP/CheatSheetSeries/pull/811</id><title>Typo &amp; Small Grammar Fixes</title><updated>2022-01-11T11:16:50+00:00</updated><link href="https://github.com/OWASP/CheatSheetSeries/pull/811" rel="self"/><link href="https://github.com/OWASP/CheatSheetSeries/pull/811" rel="alternate"/><published>2022-01-11T11:16:50+00:00</published></entry><entry><id>https://github.com/OWASP/CheatSheetSeries/pull/813</id><title>Draft: WIP: work on section 3 of secret cheatsheet</title><updated>2022-01-16T06:27:23+00:00</updated><link href="https://github.com/OWASP/CheatSheetSeries/pull/813" rel="self"/><link href="https://github.com/OWASP/CheatSheetSeries/pull/813" rel="alternate"/><published>2022-01-16T06:27:23+00:00</published></entry><entry><id>https://github.com/OWASP/CheatSheetSeries/pull/814</id><title>Html5 sec updated references and typo</title><updated>2022-01-25T16:12:53+00:00</updated><link href="https://github.com/OWASP/CheatSheetSeries/pull/814" rel="self"/><link href="https://github.com/OWASP/CheatSheetSeries/pull/814" rel="alternate"/><published>2022-01-25T16:12:53+00:00</published></entry><entry><id>https://github.com/OWASP/CheatSheetSeries/pull/816</id><title>WIP @ section 3, 4(WIP), 5, and 7(WIP) of the SMCS</title><updated>2022-01-25T16:12:28+00:00</updated><link href="https://github.com/OWASP/CheatSheetSeries/pull/816" rel="self"/><link href="https://github.com/OWASP/CheatSheetSeries/pull/816" rel="alternate"/><published>2022-01-25T16:12:28+00:00</published></entry><entry><id>https://github.com/OWASP/CheatSheetSeries/pull/819</id><title>Fix event name in authn_login_successafterfail example</title><updated>2022-01-25T16:12:12+00:00</updated><link href="https://github.com/OWASP/CheatSheetSeries/pull/819" rel="self"/><link href="https://github.com/OWASP/CheatSheetSeries/pull/819" rel="alternate"/><published>2022-01-25T16:12:12+00:00</published></entry><entry><id>https://github.com/OWASP/CheatSheetSeries/pull/821</id><title>Update HTTP_Headers_Cheat_Sheet.md</title><updated>2022-01-25T16:19:43+00:00</updated><link href="https://github.com/OWASP/CheatSheetSeries/pull/821" rel="self"/><link href="https://github.com/OWASP/CheatSheetSeries/pull/821" rel="alternate"/><published>2022-01-25T16:19:43+00:00</published></entry><entry><id>https://github.com/OWASP/CheatSheetSeries/pull/822</id><title>SMCS: evolution &amp; removal (WIP)</title><updated>2022-01-27T11:00:43+00:00</updated><link href="https://github.com/OWASP/CheatSheetSeries/pull/822" rel="self"/><link href="https://github.com/OWASP/CheatSheetSeries/pull/822" rel="alternate"/><published>2022-01-27T11:00:43+00:00</published></entry><entry><id>https://github.com/OWASP/CheatSheetSeries/pull/823</id><title>Update Secrets Management CheatSheet</title><updated>2022-01-27T14:35:36+00:00</updated><link href="https://github.com/OWASP/CheatSheetSeries/pull/823" rel="self"/><link href="https://github.com/OWASP/CheatSheetSeries/pull/823" rel="alternate"/><published>2022-01-27T14:35:36+00:00</published></entry><entry><id>https://github.com/OWASP/CheatSheetSeries/pull/824</id><title>XS-Leaks-Cheat-Sheet Typo Fixes</title><updated>2022-01-27T10:59:25+00:00</updated><link href="https://github.com/OWASP/CheatSheetSeries/pull/824" rel="self"/><link href="https://github.com/OWASP/CheatSheetSeries/pull/824" rel="alternate"/><published>2022-01-27T10:59:25+00:00</published></entry><entry><id>https://github.com/OWASP/CheatSheetSeries/pull/828</id><title>Fix blank link</title><updated>2022-01-30T19:45:50+00:00</updated><link href="https://github.com/OWASP/CheatSheetSeries/pull/828" rel="self"/><link href="https://github.com/OWASP/CheatSheetSeries/pull/828" rel="alternate"/><published>2022-01-30T19:45:50+00:00</published></entry><entry><id>https://github.com/OWASP/CheatSheetSeries/pull/829</id><title>Cheatsheets Secrets Management: Extended section 6 and 7, and removed 8</title><updated>2022-01-30T19:45:18+00:00</updated><link href="https://github.com/OWASP/CheatSheetSeries/pull/829" rel="self"/><link href="https://github.com/OWASP/CheatSheetSeries/pull/829" rel="alternate"/><published>2022-01-30T19:45:18+00:00</published></entry><entry><id>https://github.com/OWASP/CheatSheetSeries/pull/830</id><title>A few more minor updates to the Secrets Management cheatsheet.</title><updated>2022-01-30T19:45:29+00:00</updated><link href="https://github.com/OWASP/CheatSheetSeries/pull/830" rel="self"/><link href="https://github.com/OWASP/CheatSheetSeries/pull/830" rel="alternate"/><published>2022-01-30T19:45:29+00:00</published></entry><entry><id>https://github.com/OWASP/CheatSheetSeries/pull/831</id><title>secrets management: update lifetime section</title><updated>2022-01-30T19:45:38+00:00</updated><link href="https://github.com/OWASP/CheatSheetSeries/pull/831" rel="self"/><link href="https://github.com/OWASP/CheatSheetSeries/pull/831" rel="alternate"/><published>2022-01-30T19:45:38+00:00</published></entry><entry><id>https://github.com/OWASP/CheatSheetSeries/pull/832</id><title>Re-merge cheatsheet updates and extend chapter 4</title><updated>2022-01-31T20:12:30+00:00</updated><link href="https://github.com/OWASP/CheatSheetSeries/pull/832" rel="self"/><link href="https://github.com/OWASP/CheatSheetSeries/pull/832" rel="alternate"/><published>2022-01-31T20:12:30+00:00</published></entry><entry><id>https://github.com/OWASP/CheatSheetSeries/pull/835</id><title>Revert "Re-merge cheatsheet updates and extend chapter 4 (#832)"</title><updated>2022-01-31T20:19:45+00:00</updated><link href="https://github.com/OWASP/CheatSheetSeries/pull/835" rel="self"/><link href="https://github.com/OWASP/CheatSheetSeries/pull/835" rel="alternate"/><published>2022-01-31T20:19:45+00:00</published></entry><entry><id>https://github.com/OWASP/CheatSheetSeries/pull/836</id><title>Revert "Re-merge cheatsheet updates and extend chapter 4"</title><updated>2022-01-31T20:22:32+00:00</updated><link href="https://github.com/OWASP/CheatSheetSeries/pull/836" rel="self"/><link href="https://github.com/OWASP/CheatSheetSeries/pull/836" rel="alternate"/><published>2022-01-31T20:22:32+00:00</published></entry><entry><id>https://github.com/OWASP/CheatSheetSeries/pull/839</id><title>Attribution fix 3</title><updated>2022-01-31T21:25:17+00:00</updated><link href="https://github.com/OWASP/CheatSheetSeries/pull/839" rel="self"/><link href="https://github.com/OWASP/CheatSheetSeries/pull/839" rel="alternate"/><published>2022-01-31T21:25:17+00:00</published></entry><entry><id>https://github.com/OWASP/CheatSheetSeries/pull/840</id><title>Detect &amp; Respond sections via @thatsjet</title><updated>2022-02-01T08:22:52+00:00</updated><link href="https://github.com/OWASP/CheatSheetSeries/pull/840" rel="self"/><link href="https://github.com/OWASP/CheatSheetSeries/pull/840" rel="alternate"/><published>2022-02-01T08:22:52+00:00</published></entry><entry><id>https://github.com/OWASP/CheatSheetSeries/pull/841</id><title>Promote secrets management cheatsheet</title><updated>2022-02-02T21:30:13+00:00</updated><link href="https://github.com/OWASP/CheatSheetSeries/pull/841" rel="self"/><link href="https://github.com/OWASP/CheatSheetSeries/pull/841" rel="alternate"/><published>2022-02-02T21:30:13+00:00</published></entry><entry><id>https://github.com/OWASP/CheatSheetSeries/pull/844</id><title>Security Questions Cheat sheet- Updated Nist reference, background information, typos</title><updated>2022-02-04T21:21:19+00:00</updated><link href="https://github.com/OWASP/CheatSheetSeries/pull/844" rel="self"/><link href="https://github.com/OWASP/CheatSheetSeries/pull/844" rel="alternate"/><published>2022-02-04T21:21:19+00:00</published></entry><entry><id>https://github.com/OWASP/CheatSheetSeries/pull/846</id><title>Round 3 - XSS Prevention CS</title><updated>2022-02-04T23:47:21+00:00</updated><link href="https://github.com/OWASP/CheatSheetSeries/pull/846" rel="self"/><link href="https://github.com/OWASP/CheatSheetSeries/pull/846" rel="alternate"/><published>2022-02-04T23:47:21+00:00</published></entry><entry><id>https://github.com/OWASP/CheatSheetSeries/pull/848</id><title>Code of Conduct-related Fix</title><updated>2022-02-06T20:53:54+00:00</updated><link href="https://github.com/OWASP/CheatSheetSeries/pull/848" rel="self"/><link href="https://github.com/OWASP/CheatSheetSeries/pull/848" rel="alternate"/><published>2022-02-06T20:53:54+00:00</published></entry><entry><id>https://github.com/OWASP/CheatSheetSeries/pull/849</id><title>Update Cross_Site_Scripting_Prevention_Cheat_Sheet.md</title><updated>2022-02-09T16:08:29+00:00</updated><link href="https://github.com/OWASP/CheatSheetSeries/pull/849" rel="self"/><link href="https://github.com/OWASP/CheatSheetSeries/pull/849" rel="alternate"/><published>2022-02-09T16:08:29+00:00</published></entry><entry><id>https://github.com/OWASP/CheatSheetSeries/pull/850</id><title>[Certificate Pinning Cheat Sheet] Improvements for Android and iOS</title><updated>2022-02-09T16:08:03+00:00</updated><link href="https://github.com/OWASP/CheatSheetSeries/pull/850" rel="self"/><link href="https://github.com/OWASP/CheatSheetSeries/pull/850" rel="alternate"/><published>2022-02-09T16:08:03+00:00</published></entry><entry><id>https://github.com/OWASP/CheatSheetSeries/pull/851</id><title>Added one more patch methods to LDAP attacks</title><updated>2022-02-14T12:13:31+00:00</updated><link href="https://github.com/OWASP/CheatSheetSeries/pull/851" rel="self"/><link href="https://github.com/OWASP/CheatSheetSeries/pull/851" rel="alternate"/><published>2022-02-14T12:13:31+00:00</published></entry><entry><id>https://github.com/OWASP/CheatSheetSeries/pull/852</id><title>[Certificate Pinning Cheat Sheet] General Improvements</title><updated>2022-02-14T12:12:13+00:00</updated><link href="https://github.com/OWASP/CheatSheetSeries/pull/852" rel="self"/><link href="https://github.com/OWASP/CheatSheetSeries/pull/852" rel="alternate"/><published>2022-02-14T12:12:13+00:00</published></entry><entry><id>https://github.com/OWASP/CheatSheetSeries/pull/853</id><title>Add MASVS index</title><updated>2022-02-14T11:06:53+00:00</updated><link href="https://github.com/OWASP/CheatSheetSeries/pull/853" rel="self"/><link href="https://github.com/OWASP/CheatSheetSeries/pull/853" rel="alternate"/><published>2022-02-14T11:06:53+00:00</published></entry><entry><id>https://github.com/OWASP/CheatSheetSeries/pull/855</id><title>Fix a typo</title><updated>2022-02-14T12:12:49+00:00</updated><link href="https://github.com/OWASP/CheatSheetSeries/pull/855" rel="self"/><link href="https://github.com/OWASP/CheatSheetSeries/pull/855" rel="alternate"/><published>2022-02-14T12:12:49+00:00</published></entry><entry><id>https://github.com/OWASP/CheatSheetSeries/pull/856</id><title>Minor fix for MASVS Index</title><updated>2022-02-14T13:17:28+00:00</updated><link href="https://github.com/OWASP/CheatSheetSeries/pull/856" rel="self"/><link href="https://github.com/OWASP/CheatSheetSeries/pull/856" rel="alternate"/><published>2022-02-14T13:17:28+00:00</published></entry><entry><id>https://github.com/OWASP/CheatSheetSeries/pull/857</id><title>Update the function syntax</title><updated>2022-02-15T02:04:42+00:00</updated><link href="https://github.com/OWASP/CheatSheetSeries/pull/857" rel="self"/><link href="https://github.com/OWASP/CheatSheetSeries/pull/857" rel="alternate"/><published>2022-02-15T02:04:42+00:00</published></entry><entry><id>https://github.com/OWASP/CheatSheetSeries/pull/859</id><title>Fixed Link to Input Validation sheet; Typo; Added source on block…</title><updated>2022-02-25T17:06:43+00:00</updated><link href="https://github.com/OWASP/CheatSheetSeries/pull/859" rel="self"/><link href="https://github.com/OWASP/CheatSheetSeries/pull/859" rel="alternate"/><published>2022-02-25T17:06:43+00:00</published></entry><entry><id>https://github.com/OWASP/CheatSheetSeries/pull/861</id><title>Update Secrets_Management_CheatSheet.md</title><updated>2022-02-25T17:06:19+00:00</updated><link href="https://github.com/OWASP/CheatSheetSeries/pull/861" rel="self"/><link href="https://github.com/OWASP/CheatSheetSeries/pull/861" rel="alternate"/><published>2022-02-25T17:06:19+00:00</published></entry><entry><id>https://github.com/OWASP/CheatSheetSeries/pull/863</id><title>Restructured section 2, added enclaves and cloud based HSM</title><updated>2022-03-06T01:18:10+00:00</updated><link href="https://github.com/OWASP/CheatSheetSeries/pull/863" rel="self"/><link href="https://github.com/OWASP/CheatSheetSeries/pull/863" rel="alternate"/><published>2022-03-06T01:18:10+00:00</published></entry><entry><id>https://github.com/OWASP/CheatSheetSeries/pull/864</id><title>Cheatsheet updates: attack surface, relevant tools</title><updated>2022-02-25T17:05:15+00:00</updated><link href="https://github.com/OWASP/CheatSheetSeries/pull/864" rel="self"/><link href="https://github.com/OWASP/CheatSheetSeries/pull/864" rel="alternate"/><published>2022-02-25T17:05:15+00:00</published></entry><entry><id>https://github.com/OWASP/CheatSheetSeries/pull/865</id><title>Adding Secure Padding to RSA</title><updated>2022-02-25T17:12:12+00:00</updated><link href="https://github.com/OWASP/CheatSheetSeries/pull/865" rel="self"/><link href="https://github.com/OWASP/CheatSheetSeries/pull/865" rel="alternate"/><published>2022-02-25T17:12:12+00:00</published></entry><entry><id>https://github.com/OWASP/CheatSheetSeries/pull/866</id><title>Fix typo XML_External_Entity_Prevention_Cheat_Sheet</title><updated>2022-02-25T22:24:55+00:00</updated><link href="https://github.com/OWASP/CheatSheetSeries/pull/866" rel="self"/><link href="https://github.com/OWASP/CheatSheetSeries/pull/866" rel="alternate"/><published>2022-02-25T22:24:55+00:00</published></entry><entry><id>https://github.com/OWASP/CheatSheetSeries/pull/868</id><title>Fix a typo</title><updated>2022-03-03T16:21:02+00:00</updated><link href="https://github.com/OWASP/CheatSheetSeries/pull/868" rel="self"/><link href="https://github.com/OWASP/CheatSheetSeries/pull/868" rel="alternate"/><published>2022-03-03T16:21:02+00:00</published></entry><entry><id>https://github.com/OWASP/CheatSheetSeries/pull/873</id><title>fix superscript rendering and small typo</title><updated>2022-03-09T21:26:52+00:00</updated><link href="https://github.com/OWASP/CheatSheetSeries/pull/873" rel="self"/><link href="https://github.com/OWASP/CheatSheetSeries/pull/873" rel="alternate"/><published>2022-03-09T21:26:52+00:00</published></entry><entry><id>https://github.com/OWASP/CheatSheetSeries/pull/877</id><title>#874 password change fail</title><updated>2022-03-14T16:58:20+00:00</updated><link href="https://github.com/OWASP/CheatSheetSeries/pull/877" rel="self"/><link href="https://github.com/OWASP/CheatSheetSeries/pull/877" rel="alternate"/><published>2022-03-14T16:58:20+00:00</published></entry><entry><id>https://github.com/OWASP/CheatSheetSeries/pull/878</id><title>Add threats against logs</title><updated>2022-03-16T18:16:53+00:00</updated><link href="https://github.com/OWASP/CheatSheetSeries/pull/878" rel="self"/><link href="https://github.com/OWASP/CheatSheetSeries/pull/878" rel="alternate"/><published>2022-03-16T18:16:53+00:00</published></entry><entry><id>https://github.com/OWASP/CheatSheetSeries/pull/880</id><title>Delete TLS 1.1., Add TLS 1.2 or later</title><updated>2022-03-16T16:37:48+00:00</updated><link href="https://github.com/OWASP/CheatSheetSeries/pull/880" rel="self"/><link href="https://github.com/OWASP/CheatSheetSeries/pull/880" rel="alternate"/><published>2022-03-16T16:37:48+00:00</published></entry><entry><id>https://github.com/OWASP/CheatSheetSeries/pull/882</id><title>Links to CWE and OWASP threat models</title><updated>2022-03-16T18:55:20+00:00</updated><link href="https://github.com/OWASP/CheatSheetSeries/pull/882" rel="self"/><link href="https://github.com/OWASP/CheatSheetSeries/pull/882" rel="alternate"/><published>2022-03-16T18:55:20+00:00</published></entry><entry><id>https://github.com/OWASP/CheatSheetSeries/pull/883</id><title>Update DOM_based_XSS_Prevention_Cheat_Sheet.md</title><updated>2022-03-17T23:55:13+00:00</updated><link href="https://github.com/OWASP/CheatSheetSeries/pull/883" rel="self"/><link href="https://github.com/OWASP/CheatSheetSeries/pull/883" rel="alternate"/><published>2022-03-17T23:55:13+00:00</published></entry><entry><id>https://github.com/OWASP/CheatSheetSeries/pull/885</id><title>SSRF Cheat Sheet - Updated link to new location of network segmentation impl article</title><updated>2022-03-21T19:42:14+00:00</updated><link href="https://github.com/OWASP/CheatSheetSeries/pull/885" rel="self"/><link href="https://github.com/OWASP/CheatSheetSeries/pull/885" rel="alternate"/><published>2022-03-21T19:42:14+00:00</published></entry><entry><id>https://github.com/OWASP/CheatSheetSeries/pull/887</id><title>XSS Prevention CS &gt; Promotion from Draft to Published</title><updated>2022-03-21T23:03:29+00:00</updated><link href="https://github.com/OWASP/CheatSheetSeries/pull/887" rel="self"/><link href="https://github.com/OWASP/CheatSheetSeries/pull/887" rel="alternate"/><published>2022-03-21T23:03:29+00:00</published></entry><entry><id>https://github.com/OWASP/CheatSheetSeries/pull/889</id><title>Updated broken link X-XSS Protection and Link to CSP cheat sheet</title><updated>2022-04-06T13:31:53+00:00</updated><link href="https://github.com/OWASP/CheatSheetSeries/pull/889" rel="self"/><link href="https://github.com/OWASP/CheatSheetSeries/pull/889" rel="alternate"/><published>2022-04-06T13:31:53+00:00</published></entry><entry><id>https://github.com/OWASP/CheatSheetSeries/pull/890</id><title>Small spelling correction</title><updated>2022-04-09T16:55:28+00:00</updated><link href="https://github.com/OWASP/CheatSheetSeries/pull/890" rel="self"/><link href="https://github.com/OWASP/CheatSheetSeries/pull/890" rel="alternate"/><published>2022-04-09T16:55:28+00:00</published></entry><entry><id>https://github.com/OWASP/CheatSheetSeries/pull/891</id><title>Update Secrets_Management_CheatSheet.md</title><updated>2022-04-15T07:33:18+00:00</updated><link href="https://github.com/OWASP/CheatSheetSeries/pull/891" rel="self"/><link href="https://github.com/OWASP/CheatSheetSeries/pull/891" rel="alternate"/><published>2022-04-15T07:33:18+00:00</published></entry><entry><id>https://github.com/OWASP/CheatSheetSeries/pull/894</id><title>NewCheat Sheet draft</title><updated>2022-06-01T16:16:52+00:00</updated><link href="https://github.com/OWASP/CheatSheetSeries/pull/894" rel="self"/><link href="https://github.com/OWASP/CheatSheetSeries/pull/894" rel="alternate"/><published>2022-06-01T16:16:52+00:00</published></entry><entry><id>https://github.com/OWASP/CheatSheetSeries/pull/895</id><title>Add PurpleTeam</title><updated>2022-04-19T14:20:19+00:00</updated><link href="https://github.com/OWASP/CheatSheetSeries/pull/895" rel="self"/><link href="https://github.com/OWASP/CheatSheetSeries/pull/895" rel="alternate"/><published>2022-04-19T14:20:19+00:00</published></entry><entry><id>https://github.com/OWASP/CheatSheetSeries/pull/896</id><title>Update Microservices_security.md</title><updated>2022-04-19T14:25:42+00:00</updated><link href="https://github.com/OWASP/CheatSheetSeries/pull/896" rel="self"/><link href="https://github.com/OWASP/CheatSheetSeries/pull/896" rel="alternate"/><published>2022-04-19T14:25:42+00:00</published></entry><entry><id>https://github.com/OWASP/CheatSheetSeries/pull/898</id><title>ISSUE #897 - Logvocab malicious idor critical</title><updated>2022-04-20T23:59:09+00:00</updated><link href="https://github.com/OWASP/CheatSheetSeries/pull/898" rel="self"/><link href="https://github.com/OWASP/CheatSheetSeries/pull/898" rel="alternate"/><published>2022-04-20T23:59:09+00:00</published></entry><entry><id>https://github.com/OWASP/CheatSheetSeries/pull/900</id><title>Update Clickjacking_Defense_Cheat_Sheet.md</title><updated>2022-05-26T18:58:04+00:00</updated><link href="https://github.com/OWASP/CheatSheetSeries/pull/900" rel="self"/><link href="https://github.com/OWASP/CheatSheetSeries/pull/900" rel="alternate"/><published>2022-05-26T18:58:04+00:00</published></entry><entry><id>https://github.com/OWASP/CheatSheetSeries/pull/902</id><title>fix typo</title><updated>2022-05-03T23:33:31+00:00</updated><link href="https://github.com/OWASP/CheatSheetSeries/pull/902" rel="self"/><link href="https://github.com/OWASP/CheatSheetSeries/pull/902" rel="alternate"/><published>2022-05-03T23:33:31+00:00</published></entry><entry><id>https://github.com/OWASP/CheatSheetSeries/pull/903</id><title>Remove 'shame' to 'developers' language</title><updated>2022-05-03T23:32:59+00:00</updated><link href="https://github.com/OWASP/CheatSheetSeries/pull/903" rel="self"/><link href="https://github.com/OWASP/CheatSheetSeries/pull/903" rel="alternate"/><published>2022-05-03T23:32:59+00:00</published></entry><entry><id>https://github.com/OWASP/CheatSheetSeries/pull/905</id><title>Fixed "Multi-Factor Authentication CS" link</title><updated>2022-05-06T14:29:55+00:00</updated><link href="https://github.com/OWASP/CheatSheetSeries/pull/905" rel="self"/><link href="https://github.com/OWASP/CheatSheetSeries/pull/905" rel="alternate"/><published>2022-05-06T14:29:55+00:00</published></entry><entry><id>https://github.com/OWASP/CheatSheetSeries/pull/907</id><title>Add huntr.dev to bug bounty programs</title><updated>2022-05-26T18:57:34+00:00</updated><link href="https://github.com/OWASP/CheatSheetSeries/pull/907" rel="self"/><link href="https://github.com/OWASP/CheatSheetSeries/pull/907" rel="alternate"/><published>2022-05-26T18:57:34+00:00</published></entry><entry><id>https://github.com/OWASP/CheatSheetSeries/pull/909</id><title>Fix typo: bent -&gt; sent</title><updated>2022-05-26T18:54:41+00:00</updated><link href="https://github.com/OWASP/CheatSheetSeries/pull/909" rel="self"/><link href="https://github.com/OWASP/CheatSheetSeries/pull/909" rel="alternate"/><published>2022-05-26T18:54:41+00:00</published></entry><entry><id>https://github.com/OWASP/CheatSheetSeries/pull/910</id><title>Update Cross_Site_Scripting_Prevention_Cheat_Sheet.md to highlight th…</title><updated>2022-05-26T18:34:57+00:00</updated><link href="https://github.com/OWASP/CheatSheetSeries/pull/910" rel="self"/><link href="https://github.com/OWASP/CheatSheetSeries/pull/910" rel="alternate"/><published>2022-05-26T18:34:57+00:00</published></entry></feed>